batch,cpu,variant,scenario,points,queries,ns,checksum
0,0,before,winding,10000,7200,26038746,f5b970bed7495d10
0,0,before,winding,10000,7200,26137484,f5b970bed7495d10
0,0,before,winding,10000,7200,29101779,f5b970bed7495d10
0,0,before,winding,10000,7200,26135521,f5b970bed7495d10
0,0,before,winding,10000,7200,27373496,f5b970bed7495d10
0,0,before,winding,10000,7200,26108180,f5b970bed7495d10
0,0,before,winding,10000,7200,26388563,f5b970bed7495d10
0,0,after,winding,10000,7200,24096150,f5b970bed7495d10
0,0,after,winding,10000,7200,23975639,f5b970bed7495d10
0,0,after,winding,10000,7200,23418299,f5b970bed7495d10
0,0,after,winding,10000,7200,24104092,f5b970bed7495d10
0,0,after,winding,10000,7200,28267553,f5b970bed7495d10
0,0,after,winding,10000,7200,23098367,f5b970bed7495d10
0,0,after,winding,10000,7200,22680478,f5b970bed7495d10
0,0,before,parallel,10000,7200,21188932,d0a9f42d0c340445
0,0,before,parallel,10000,7200,31660758,d0a9f42d0c340445
0,0,before,parallel,10000,7200,24928183,d0a9f42d0c340445
0,0,before,parallel,10000,7200,20074033,d0a9f42d0c340445
0,0,before,parallel,10000,7200,21727342,d0a9f42d0c340445
0,0,before,parallel,10000,7200,24788543,d0a9f42d0c340445
0,0,before,parallel,10000,7200,21065115,d0a9f42d0c340445
0,0,after,parallel,10000,7200,15876180,d0a9f42d0c340445
0,0,after,parallel,10000,7200,18043404,d0a9f42d0c340445
0,0,after,parallel,10000,7200,14685567,d0a9f42d0c340445
0,0,after,parallel,10000,7200,15173391,d0a9f42d0c340445
0,0,after,parallel,10000,7200,14485706,d0a9f42d0c340445
0,0,after,parallel,10000,7200,15152771,d0a9f42d0c340445
0,0,after,parallel,10000,7200,15596079,d0a9f42d0c340445
0,0,before,crossing,10000,7200,21328231,486130129d99b85c
0,0,before,crossing,10000,7200,20773046,486130129d99b85c
0,0,before,crossing,10000,7200,20796971,486130129d99b85c
0,0,before,crossing,10000,7200,20838384,486130129d99b85c
0,0,before,crossing,10000,7200,21236453,486130129d99b85c
0,0,before,crossing,10000,7200,21109362,486130129d99b85c
0,0,before,crossing,10000,7200,21229693,486130129d99b85c
0,0,after,crossing,10000,7200,19101318,486130129d99b85c
0,0,after,crossing,10000,7200,19121578,486130129d99b85c
0,0,after,crossing,10000,7200,19026925,486130129d99b85c
0,0,after,crossing,10000,7200,18687604,486130129d99b85c
0,0,after,crossing,10000,7200,18844952,486130129d99b85c
0,0,after,crossing,10000,7200,19441500,486130129d99b85c
0,0,after,crossing,10000,7200,19137712,486130129d99b85c
0,0,before,reacquisition,10000,7200,44715994,e79c918946fc01c1
0,0,before,reacquisition,10000,7200,43590189,e79c918946fc01c1
0,0,before,reacquisition,10000,7200,44817047,e79c918946fc01c1
0,0,before,reacquisition,10000,7200,44147579,e79c918946fc01c1
0,0,before,reacquisition,10000,7200,43298891,e79c918946fc01c1
0,0,before,reacquisition,10000,7200,46053449,e79c918946fc01c1
0,0,before,reacquisition,10000,7200,44172947,e79c918946fc01c1
0,0,after,reacquisition,10000,7200,41872012,e79c918946fc01c1
0,0,after,reacquisition,10000,7200,41843239,e79c918946fc01c1
0,0,after,reacquisition,10000,7200,42006524,e79c918946fc01c1
0,0,after,reacquisition,10000,7200,41757008,e79c918946fc01c1
0,0,after,reacquisition,10000,7200,43707066,e79c918946fc01c1
0,0,after,reacquisition,10000,7200,41587123,e79c918946fc01c1
0,0,after,reacquisition,10000,7200,41982128,e79c918946fc01c1
0,0,before,winding,100000,7200,185566814,7acbd2452868b1d6
0,0,before,winding,100000,7200,184959690,7acbd2452868b1d6
0,0,before,winding,100000,7200,184584184,7acbd2452868b1d6
0,0,before,winding,100000,7200,189607727,7acbd2452868b1d6
0,0,before,winding,100000,7200,199722878,7acbd2452868b1d6
0,0,before,winding,100000,7200,189168962,7acbd2452868b1d6
0,0,before,winding,100000,7200,188292592,7acbd2452868b1d6
0,0,after,winding,100000,7200,168303956,7acbd2452868b1d6
0,0,after,winding,100000,7200,167180503,7acbd2452868b1d6
0,0,after,winding,100000,7200,172289288,7acbd2452868b1d6
0,0,after,winding,100000,7200,168147870,7acbd2452868b1d6
0,0,after,winding,100000,7200,166280848,7acbd2452868b1d6
0,0,after,winding,100000,7200,170059650,7acbd2452868b1d6
0,0,after,winding,100000,7200,168921926,7acbd2452868b1d6
0,0,before,parallel,100000,7200,143610463,8f486583fdf44530
0,0,before,parallel,100000,7200,144810690,8f486583fdf44530
0,0,before,parallel,100000,7200,143648210,8f486583fdf44530
0,0,before,parallel,100000,7200,140723905,8f486583fdf44530
0,0,before,parallel,100000,7200,141544320,8f486583fdf44530
0,0,before,parallel,100000,7200,143005652,8f486583fdf44530
0,0,before,parallel,100000,7200,146616821,8f486583fdf44530
0,0,after,parallel,100000,7200,122353826,8f486583fdf44530
0,0,after,parallel,100000,7200,123785633,8f486583fdf44530
0,0,after,parallel,100000,7200,121926733,8f486583fdf44530
0,0,after,parallel,100000,7200,128898714,8f486583fdf44530
0,0,after,parallel,100000,7200,122828572,8f486583fdf44530
0,0,after,parallel,100000,7200,119698888,8f486583fdf44530
0,0,after,parallel,100000,7200,118707724,8f486583fdf44530
0,0,before,crossing,100000,7200,168313009,bb6e524322f034f9
0,0,before,crossing,100000,7200,167652835,bb6e524322f034f9
0,0,before,crossing,100000,7200,170323618,bb6e524322f034f9
0,0,before,crossing,100000,7200,174589353,bb6e524322f034f9
0,0,before,crossing,100000,7200,186999354,bb6e524322f034f9
0,0,before,crossing,100000,7200,184649475,bb6e524322f034f9
0,0,before,crossing,100000,7200,174403817,bb6e524322f034f9
0,0,after,crossing,100000,7200,148557954,bb6e524322f034f9
0,0,after,crossing,100000,7200,147721094,bb6e524322f034f9
0,0,after,crossing,100000,7200,150416634,bb6e524322f034f9
0,0,after,crossing,100000,7200,151153154,bb6e524322f034f9
0,0,after,crossing,100000,7200,150533901,bb6e524322f034f9
0,0,after,crossing,100000,7200,152063545,bb6e524322f034f9
0,0,after,crossing,100000,7200,150718388,bb6e524322f034f9
0,0,before,reacquisition,100000,7200,469533370,ff7bc5dc240a8b66
0,0,before,reacquisition,100000,7200,448668298,ff7bc5dc240a8b66
0,0,before,reacquisition,100000,7200,486745695,ff7bc5dc240a8b66
0,0,before,reacquisition,100000,7200,507311806,ff7bc5dc240a8b66
0,0,before,reacquisition,100000,7200,474134795,ff7bc5dc240a8b66
0,0,before,reacquisition,100000,7200,475375783,ff7bc5dc240a8b66
0,0,before,reacquisition,100000,7200,494756228,ff7bc5dc240a8b66
0,0,after,reacquisition,100000,7200,470506905,ff7bc5dc240a8b66
0,0,after,reacquisition,100000,7200,502131069,ff7bc5dc240a8b66
0,0,after,reacquisition,100000,7200,409396353,ff7bc5dc240a8b66
0,0,after,reacquisition,100000,7200,405654387,ff7bc5dc240a8b66
0,0,after,reacquisition,100000,7200,420437259,ff7bc5dc240a8b66
0,0,after,reacquisition,100000,7200,385178732,ff7bc5dc240a8b66
0,0,after,reacquisition,100000,7200,383526374,ff7bc5dc240a8b66
1,0,after,winding,10000,7200,21249661,f5b970bed7495d10
1,0,after,winding,10000,7200,20960915,f5b970bed7495d10
1,0,after,winding,10000,7200,21582962,f5b970bed7495d10
1,0,after,winding,10000,7200,20938522,f5b970bed7495d10
1,0,after,winding,10000,7200,21094036,f5b970bed7495d10
1,0,after,winding,10000,7200,21311974,f5b970bed7495d10
1,0,after,winding,10000,7200,21216811,f5b970bed7495d10
1,0,before,winding,10000,7200,23634501,f5b970bed7495d10
1,0,before,winding,10000,7200,23529003,f5b970bed7495d10
1,0,before,winding,10000,7200,24113844,f5b970bed7495d10
1,0,before,winding,10000,7200,24013262,f5b970bed7495d10
1,0,before,winding,10000,7200,23295261,f5b970bed7495d10
1,0,before,winding,10000,7200,23304875,f5b970bed7495d10
1,0,before,winding,10000,7200,23265286,f5b970bed7495d10
1,0,after,parallel,10000,7200,15593252,d0a9f42d0c340445
1,0,after,parallel,10000,7200,14753407,d0a9f42d0c340445
1,0,after,parallel,10000,7200,15833665,d0a9f42d0c340445
1,0,after,parallel,10000,7200,15325589,d0a9f42d0c340445
1,0,after,parallel,10000,7200,15174612,d0a9f42d0c340445
1,0,after,parallel,10000,7200,14807669,d0a9f42d0c340445
1,0,after,parallel,10000,7200,15077997,d0a9f42d0c340445
1,0,before,parallel,10000,7200,19615570,d0a9f42d0c340445
1,0,before,parallel,10000,7200,19162797,d0a9f42d0c340445
1,0,before,parallel,10000,7200,18925230,d0a9f42d0c340445
1,0,before,parallel,10000,7200,17277158,d0a9f42d0c340445
1,0,before,parallel,10000,7200,18488723,d0a9f42d0c340445
1,0,before,parallel,10000,7200,19566025,d0a9f42d0c340445
1,0,before,parallel,10000,7200,20036254,d0a9f42d0c340445
1,0,after,crossing,10000,7200,19942352,486130129d99b85c
1,0,after,crossing,10000,7200,28826131,486130129d99b85c
1,0,after,crossing,10000,7200,19831245,486130129d99b85c
1,0,after,crossing,10000,7200,19681099,486130129d99b85c
1,0,after,crossing,10000,7200,19325774,486130129d99b85c
1,0,after,crossing,10000,7200,19610221,486130129d99b85c
1,0,after,crossing,10000,7200,19815600,486130129d99b85c
1,0,before,crossing,10000,7200,21043770,486130129d99b85c
1,0,before,crossing,10000,7200,20622767,486130129d99b85c
1,0,before,crossing,10000,7200,20712792,486130129d99b85c
1,0,before,crossing,10000,7200,20426822,486130129d99b85c
1,0,before,crossing,10000,7200,21195138,486130129d99b85c
1,0,before,crossing,10000,7200,20652621,486130129d99b85c
1,0,before,crossing,10000,7200,22904502,486130129d99b85c
1,0,after,reacquisition,10000,7200,47427864,e79c918946fc01c1
1,0,after,reacquisition,10000,7200,46797364,e79c918946fc01c1
1,0,after,reacquisition,10000,7200,42186600,e79c918946fc01c1
1,0,after,reacquisition,10000,7200,43616454,e79c918946fc01c1
1,0,after,reacquisition,10000,7200,43103080,e79c918946fc01c1
1,0,after,reacquisition,10000,7200,45265877,e79c918946fc01c1
1,0,after,reacquisition,10000,7200,43574800,e79c918946fc01c1
1,0,before,reacquisition,10000,7200,46517172,e79c918946fc01c1
1,0,before,reacquisition,10000,7200,44937864,e79c918946fc01c1
1,0,before,reacquisition,10000,7200,47019218,e79c918946fc01c1
1,0,before,reacquisition,10000,7200,47813393,e79c918946fc01c1
1,0,before,reacquisition,10000,7200,47125472,e79c918946fc01c1
1,0,before,reacquisition,10000,7200,47575646,e79c918946fc01c1
1,0,before,reacquisition,10000,7200,47408715,e79c918946fc01c1
1,0,after,winding,100000,7200,193816298,7acbd2452868b1d6
1,0,after,winding,100000,7200,184291789,7acbd2452868b1d6
1,0,after,winding,100000,7200,171941685,7acbd2452868b1d6
1,0,after,winding,100000,7200,175155703,7acbd2452868b1d6
1,0,after,winding,100000,7200,172918986,7acbd2452868b1d6
1,0,after,winding,100000,7200,182723522,7acbd2452868b1d6
1,0,after,winding,100000,7200,196269852,7acbd2452868b1d6
1,0,before,winding,100000,7200,212187967,7acbd2452868b1d6
1,0,before,winding,100000,7200,203434108,7acbd2452868b1d6
1,0,before,winding,100000,7200,196098283,7acbd2452868b1d6
1,0,before,winding,100000,7200,214218464,7acbd2452868b1d6
1,0,before,winding,100000,7200,196031744,7acbd2452868b1d6
1,0,before,winding,100000,7200,202147971,7acbd2452868b1d6
1,0,before,winding,100000,7200,205890396,7acbd2452868b1d6
1,0,after,parallel,100000,7200,138797575,8f486583fdf44530
1,0,after,parallel,100000,7200,132000502,8f486583fdf44530
1,0,after,parallel,100000,7200,137419250,8f486583fdf44530
1,0,after,parallel,100000,7200,144202703,8f486583fdf44530
1,0,after,parallel,100000,7200,134985306,8f486583fdf44530
1,0,after,parallel,100000,7200,142906246,8f486583fdf44530
1,0,after,parallel,100000,7200,136436902,8f486583fdf44530
1,0,before,parallel,100000,7200,156799635,8f486583fdf44530
1,0,before,parallel,100000,7200,151402853,8f486583fdf44530
1,0,before,parallel,100000,7200,169488669,8f486583fdf44530
1,0,before,parallel,100000,7200,182930001,8f486583fdf44530
1,0,before,parallel,100000,7200,154640259,8f486583fdf44530
1,0,before,parallel,100000,7200,159073385,8f486583fdf44530
1,0,before,parallel,100000,7200,162042035,8f486583fdf44530
1,0,after,crossing,100000,7200,155661516,bb6e524322f034f9
1,0,after,crossing,100000,7200,153144577,bb6e524322f034f9
1,0,after,crossing,100000,7200,151774392,bb6e524322f034f9
1,0,after,crossing,100000,7200,151619329,bb6e524322f034f9
1,0,after,crossing,100000,7200,152534137,bb6e524322f034f9
1,0,after,crossing,100000,7200,153163003,bb6e524322f034f9
1,0,after,crossing,100000,7200,158913765,bb6e524322f034f9
1,0,before,crossing,100000,7200,175737270,bb6e524322f034f9
1,0,before,crossing,100000,7200,176680890,bb6e524322f034f9
1,0,before,crossing,100000,7200,172744642,bb6e524322f034f9
1,0,before,crossing,100000,7200,176234700,bb6e524322f034f9
1,0,before,crossing,100000,7200,169359372,bb6e524322f034f9
1,0,before,crossing,100000,7200,168546529,bb6e524322f034f9
1,0,before,crossing,100000,7200,213115613,bb6e524322f034f9
1,0,after,reacquisition,100000,7200,417311174,ff7bc5dc240a8b66
1,0,after,reacquisition,100000,7200,407896074,ff7bc5dc240a8b66
1,0,after,reacquisition,100000,7200,408161555,ff7bc5dc240a8b66
1,0,after,reacquisition,100000,7200,420277191,ff7bc5dc240a8b66
1,0,after,reacquisition,100000,7200,446648294,ff7bc5dc240a8b66
1,0,after,reacquisition,100000,7200,420649812,ff7bc5dc240a8b66
1,0,after,reacquisition,100000,7200,417335039,ff7bc5dc240a8b66
1,0,before,reacquisition,100000,7200,410226554,ff7bc5dc240a8b66
1,0,before,reacquisition,100000,7200,417877887,ff7bc5dc240a8b66
1,0,before,reacquisition,100000,7200,443774938,ff7bc5dc240a8b66
1,0,before,reacquisition,100000,7200,432870476,ff7bc5dc240a8b66
1,0,before,reacquisition,100000,7200,425648469,ff7bc5dc240a8b66
1,0,before,reacquisition,100000,7200,429481551,ff7bc5dc240a8b66
1,0,before,reacquisition,100000,7200,423764762,ff7bc5dc240a8b66
2,0,before,winding,10000,7200,25856460,f5b970bed7495d10
2,0,before,winding,10000,7200,27547366,f5b970bed7495d10
2,0,before,winding,10000,7200,25333312,f5b970bed7495d10
2,0,before,winding,10000,7200,24543832,f5b970bed7495d10
2,0,before,winding,10000,7200,24256019,f5b970bed7495d10
2,0,before,winding,10000,7200,25934726,f5b970bed7495d10
2,0,before,winding,10000,7200,26386017,f5b970bed7495d10
2,0,after,winding,10000,7200,22431251,f5b970bed7495d10
2,0,after,winding,10000,7200,23271075,f5b970bed7495d10
2,0,after,winding,10000,7200,21958839,f5b970bed7495d10
2,0,after,winding,10000,7200,22281325,f5b970bed7495d10
2,0,after,winding,10000,7200,21978188,f5b970bed7495d10
2,0,after,winding,10000,7200,22437831,f5b970bed7495d10
2,0,after,winding,10000,7200,21974554,f5b970bed7495d10
2,0,before,parallel,10000,7200,18419810,d0a9f42d0c340445
2,0,before,parallel,10000,7200,17729189,d0a9f42d0c340445
2,0,before,parallel,10000,7200,17772595,d0a9f42d0c340445
2,0,before,parallel,10000,7200,17104289,d0a9f42d0c340445
2,0,before,parallel,10000,7200,18141721,d0a9f42d0c340445
2,0,before,parallel,10000,7200,18012686,d0a9f42d0c340445
2,0,before,parallel,10000,7200,18251366,d0a9f42d0c340445
2,0,after,parallel,10000,7200,16275330,d0a9f42d0c340445
2,0,after,parallel,10000,7200,19252714,d0a9f42d0c340445
2,0,after,parallel,10000,7200,15580544,d0a9f42d0c340445
2,0,after,parallel,10000,7200,16219436,d0a9f42d0c340445
2,0,after,parallel,10000,7200,15971052,d0a9f42d0c340445
2,0,after,parallel,10000,7200,15445369,d0a9f42d0c340445
2,0,after,parallel,10000,7200,17089116,d0a9f42d0c340445
2,0,before,crossing,10000,7200,22909390,486130129d99b85c
2,0,before,crossing,10000,7200,23639379,486130129d99b85c
2,0,before,crossing,10000,7200,24629721,486130129d99b85c
2,0,before,crossing,10000,7200,23516234,486130129d99b85c
2,0,before,crossing,10000,7200,23140108,486130129d99b85c
2,0,before,crossing,10000,7200,23333318,486130129d99b85c
2,0,before,crossing,10000,7200,22939926,486130129d99b85c
2,0,after,crossing,10000,7200,22842088,486130129d99b85c
2,0,after,crossing,10000,7200,20624841,486130129d99b85c
2,0,after,crossing,10000,7200,21760951,486130129d99b85c
2,0,after,crossing,10000,7200,20785132,486130129d99b85c
2,0,after,crossing,10000,7200,21250682,486130129d99b85c
2,0,after,crossing,10000,7200,28116321,486130129d99b85c
2,0,after,crossing,10000,7200,22267063,486130129d99b85c
2,0,before,reacquisition,10000,7200,47055233,e79c918946fc01c1
2,0,before,reacquisition,10000,7200,54225180,e79c918946fc01c1
2,0,before,reacquisition,10000,7200,47703539,e79c918946fc01c1
2,0,before,reacquisition,10000,7200,47067672,e79c918946fc01c1
2,0,before,reacquisition,10000,7200,47777661,e79c918946fc01c1
2,0,before,reacquisition,10000,7200,48077993,e79c918946fc01c1
2,0,before,reacquisition,10000,7200,49239172,e79c918946fc01c1
2,0,after,reacquisition,10000,7200,46312475,e79c918946fc01c1
2,0,after,reacquisition,10000,7200,48442320,e79c918946fc01c1
2,0,after,reacquisition,10000,7200,45376064,e79c918946fc01c1
2,0,after,reacquisition,10000,7200,44846626,e79c918946fc01c1
2,0,after,reacquisition,10000,7200,45958411,e79c918946fc01c1
2,0,after,reacquisition,10000,7200,45784439,e79c918946fc01c1
2,0,after,reacquisition,10000,7200,48954192,e79c918946fc01c1
2,0,before,winding,100000,7200,255055310,7acbd2452868b1d6
2,0,before,winding,100000,7200,305369740,7acbd2452868b1d6
2,0,before,winding,100000,7200,196514602,7acbd2452868b1d6
2,0,before,winding,100000,7200,200376816,7acbd2452868b1d6
2,0,before,winding,100000,7200,208748754,7acbd2452868b1d6
2,0,before,winding,100000,7200,191263692,7acbd2452868b1d6
2,0,before,winding,100000,7200,201095851,7acbd2452868b1d6
2,0,after,winding,100000,7200,193681103,7acbd2452868b1d6
2,0,after,winding,100000,7200,187273713,7acbd2452868b1d6
2,0,after,winding,100000,7200,175438692,7acbd2452868b1d6
2,0,after,winding,100000,7200,238383703,7acbd2452868b1d6
2,0,after,winding,100000,7200,192466254,7acbd2452868b1d6
2,0,after,winding,100000,7200,190879343,7acbd2452868b1d6
2,0,after,winding,100000,7200,193790308,7acbd2452868b1d6
2,0,before,parallel,100000,7200,178986643,8f486583fdf44530
2,0,before,parallel,100000,7200,201301635,8f486583fdf44530
2,0,before,parallel,100000,7200,147433887,8f486583fdf44530
2,0,before,parallel,100000,7200,162359209,8f486583fdf44530
2,0,before,parallel,100000,7200,170178459,8f486583fdf44530
2,0,before,parallel,100000,7200,165547256,8f486583fdf44530
2,0,before,parallel,100000,7200,161631907,8f486583fdf44530
2,0,after,parallel,100000,7200,132271053,8f486583fdf44530
2,0,after,parallel,100000,7200,137459256,8f486583fdf44530
2,0,after,parallel,100000,7200,135748379,8f486583fdf44530
2,0,after,parallel,100000,7200,144106477,8f486583fdf44530
2,0,after,parallel,100000,7200,137987883,8f486583fdf44530
2,0,after,parallel,100000,7200,138370579,8f486583fdf44530
2,0,after,parallel,100000,7200,133886726,8f486583fdf44530
2,0,before,crossing,100000,7200,189971517,bb6e524322f034f9
2,0,before,crossing,100000,7200,184286336,bb6e524322f034f9
2,0,before,crossing,100000,7200,183535220,bb6e524322f034f9
2,0,before,crossing,100000,7200,178384324,bb6e524322f034f9
2,0,before,crossing,100000,7200,177647634,bb6e524322f034f9
2,0,before,crossing,100000,7200,178378855,bb6e524322f034f9
2,0,before,crossing,100000,7200,189508326,bb6e524322f034f9
2,0,after,crossing,100000,7200,166951156,bb6e524322f034f9
2,0,after,crossing,100000,7200,178710936,bb6e524322f034f9
2,0,after,crossing,100000,7200,175298106,bb6e524322f034f9
2,0,after,crossing,100000,7200,218737681,bb6e524322f034f9
2,0,after,crossing,100000,7200,172248504,bb6e524322f034f9
2,0,after,crossing,100000,7200,171886860,bb6e524322f034f9
2,0,after,crossing,100000,7200,166781611,bb6e524322f034f9
2,0,before,reacquisition,100000,7200,453132805,ff7bc5dc240a8b66
2,0,before,reacquisition,100000,7200,459869480,ff7bc5dc240a8b66
2,0,before,reacquisition,100000,7200,461287358,ff7bc5dc240a8b66
2,0,before,reacquisition,100000,7200,427315486,ff7bc5dc240a8b66
2,0,before,reacquisition,100000,7200,445431667,ff7bc5dc240a8b66
2,0,before,reacquisition,100000,7200,444603681,ff7bc5dc240a8b66
2,0,before,reacquisition,100000,7200,447686774,ff7bc5dc240a8b66
2,0,after,reacquisition,100000,7200,469870402,ff7bc5dc240a8b66
2,0,after,reacquisition,100000,7200,429230871,ff7bc5dc240a8b66
2,0,after,reacquisition,100000,7200,428831749,ff7bc5dc240a8b66
2,0,after,reacquisition,100000,7200,487896602,ff7bc5dc240a8b66
2,0,after,reacquisition,100000,7200,454624175,ff7bc5dc240a8b66
2,0,after,reacquisition,100000,7200,514293239,ff7bc5dc240a8b66
2,0,after,reacquisition,100000,7200,439705018,ff7bc5dc240a8b66
3,0,after,winding,10000,7200,23495761,f5b970bed7495d10
3,0,after,winding,10000,7200,22830990,f5b970bed7495d10
3,0,after,winding,10000,7200,22924641,f5b970bed7495d10
3,0,after,winding,10000,7200,24102615,f5b970bed7495d10
3,0,after,winding,10000,7200,25172055,f5b970bed7495d10
3,0,after,winding,10000,7200,21355788,f5b970bed7495d10
3,0,after,winding,10000,7200,22622476,f5b970bed7495d10
3,0,before,winding,10000,7200,28859257,f5b970bed7495d10
3,0,before,winding,10000,7200,24893937,f5b970bed7495d10
3,0,before,winding,10000,7200,25156281,f5b970bed7495d10
3,0,before,winding,10000,7200,24983661,f5b970bed7495d10
3,0,before,winding,10000,7200,23605376,f5b970bed7495d10
3,0,before,winding,10000,7200,23271474,f5b970bed7495d10
3,0,before,winding,10000,7200,23652527,f5b970bed7495d10
3,0,after,parallel,10000,7200,15726371,d0a9f42d0c340445
3,0,after,parallel,10000,7200,15062612,d0a9f42d0c340445
3,0,after,parallel,10000,7200,15729055,d0a9f42d0c340445
3,0,after,parallel,10000,7200,15881154,d0a9f42d0c340445
3,0,after,parallel,10000,7200,15244637,d0a9f42d0c340445
3,0,after,parallel,10000,7200,16073134,d0a9f42d0c340445
3,0,after,parallel,10000,7200,15689626,d0a9f42d0c340445
3,0,before,parallel,10000,7200,17051247,d0a9f42d0c340445
3,0,before,parallel,10000,7200,18810265,d0a9f42d0c340445
3,0,before,parallel,10000,7200,17615517,d0a9f42d0c340445
3,0,before,parallel,10000,7200,18615482,d0a9f42d0c340445
3,0,before,parallel,10000,7200,17053219,d0a9f42d0c340445
3,0,before,parallel,10000,7200,16950675,d0a9f42d0c340445
3,0,before,parallel,10000,7200,18169140,d0a9f42d0c340445
3,0,after,crossing,10000,7200,20172797,486130129d99b85c
3,0,after,crossing,10000,7200,19467225,486130129d99b85c
3,0,after,crossing,10000,7200,19819796,486130129d99b85c
3,0,after,crossing,10000,7200,19878304,486130129d99b85c
3,0,after,crossing,10000,7200,19785063,486130129d99b85c
3,0,after,crossing,10000,7200,21022077,486130129d99b85c
3,0,after,crossing,10000,7200,20792120,486130129d99b85c
3,0,before,crossing,10000,7200,23442321,486130129d99b85c
3,0,before,crossing,10000,7200,24279612,486130129d99b85c
3,0,before,crossing,10000,7200,29392140,486130129d99b85c
3,0,before,crossing,10000,7200,24359291,486130129d99b85c
3,0,before,crossing,10000,7200,22813484,486130129d99b85c
3,0,before,crossing,10000,7200,24891393,486130129d99b85c
3,0,before,crossing,10000,7200,22628013,486130129d99b85c
3,0,after,reacquisition,10000,7200,47351033,e79c918946fc01c1
3,0,after,reacquisition,10000,7200,46376095,e79c918946fc01c1
3,0,after,reacquisition,10000,7200,48600435,e79c918946fc01c1
3,0,after,reacquisition,10000,7200,54650935,e79c918946fc01c1
3,0,after,reacquisition,10000,7200,45092623,e79c918946fc01c1
3,0,after,reacquisition,10000,7200,48788638,e79c918946fc01c1
3,0,after,reacquisition,10000,7200,45480487,e79c918946fc01c1
3,0,before,reacquisition,10000,7200,48241424,e79c918946fc01c1
3,0,before,reacquisition,10000,7200,46516417,e79c918946fc01c1
3,0,before,reacquisition,10000,7200,49069781,e79c918946fc01c1
3,0,before,reacquisition,10000,7200,48794177,e79c918946fc01c1
3,0,before,reacquisition,10000,7200,48872535,e79c918946fc01c1
3,0,before,reacquisition,10000,7200,47763695,e79c918946fc01c1
3,0,before,reacquisition,10000,7200,47626528,e79c918946fc01c1
3,0,after,winding,100000,7200,181846855,7acbd2452868b1d6
3,0,after,winding,100000,7200,186620292,7acbd2452868b1d6
3,0,after,winding,100000,7200,177333919,7acbd2452868b1d6
3,0,after,winding,100000,7200,192552526,7acbd2452868b1d6
3,0,after,winding,100000,7200,180888501,7acbd2452868b1d6
3,0,after,winding,100000,7200,183350458,7acbd2452868b1d6
3,0,after,winding,100000,7200,186149943,7acbd2452868b1d6
3,0,before,winding,100000,7200,240342790,7acbd2452868b1d6
3,0,before,winding,100000,7200,224634106,7acbd2452868b1d6
3,0,before,winding,100000,7200,212786644,7acbd2452868b1d6
3,0,before,winding,100000,7200,217533953,7acbd2452868b1d6
3,0,before,winding,100000,7200,213252226,7acbd2452868b1d6
3,0,before,winding,100000,7200,218536884,7acbd2452868b1d6
3,0,before,winding,100000,7200,216965849,7acbd2452868b1d6
3,0,after,parallel,100000,7200,155009901,8f486583fdf44530
3,0,after,parallel,100000,7200,142789249,8f486583fdf44530
3,0,after,parallel,100000,7200,131975015,8f486583fdf44530
3,0,after,parallel,100000,7200,136422141,8f486583fdf44530
3,0,after,parallel,100000,7200,133432840,8f486583fdf44530
3,0,after,parallel,100000,7200,135163946,8f486583fdf44530
3,0,after,parallel,100000,7200,133303561,8f486583fdf44530
3,0,before,parallel,100000,7200,153044308,8f486583fdf44530
3,0,before,parallel,100000,7200,159782975,8f486583fdf44530
3,0,before,parallel,100000,7200,151999935,8f486583fdf44530
3,0,before,parallel,100000,7200,148171229,8f486583fdf44530
3,0,before,parallel,100000,7200,152313697,8f486583fdf44530
3,0,before,parallel,100000,7200,149050974,8f486583fdf44530
3,0,before,parallel,100000,7200,164230062,8f486583fdf44530
3,0,after,crossing,100000,7200,164618706,bb6e524322f034f9
3,0,after,crossing,100000,7200,165485271,bb6e524322f034f9
3,0,after,crossing,100000,7200,163915217,bb6e524322f034f9
3,0,after,crossing,100000,7200,163775266,bb6e524322f034f9
3,0,after,crossing,100000,7200,169153766,bb6e524322f034f9
3,0,after,crossing,100000,7200,170247231,bb6e524322f034f9
3,0,after,crossing,100000,7200,157807410,bb6e524322f034f9
3,0,before,crossing,100000,7200,184418541,bb6e524322f034f9
3,0,before,crossing,100000,7200,181226885,bb6e524322f034f9
3,0,before,crossing,100000,7200,199261741,bb6e524322f034f9
3,0,before,crossing,100000,7200,195031903,bb6e524322f034f9
3,0,before,crossing,100000,7200,185418055,bb6e524322f034f9
3,0,before,crossing,100000,7200,182786533,bb6e524322f034f9
3,0,before,crossing,100000,7200,185097964,bb6e524322f034f9
3,0,after,reacquisition,100000,7200,422249321,ff7bc5dc240a8b66
3,0,after,reacquisition,100000,7200,416488997,ff7bc5dc240a8b66
3,0,after,reacquisition,100000,7200,427421529,ff7bc5dc240a8b66
3,0,after,reacquisition,100000,7200,432383222,ff7bc5dc240a8b66
3,0,after,reacquisition,100000,7200,415583393,ff7bc5dc240a8b66
3,0,after,reacquisition,100000,7200,401310742,ff7bc5dc240a8b66
3,0,after,reacquisition,100000,7200,440264758,ff7bc5dc240a8b66
3,0,before,reacquisition,100000,7200,453210460,ff7bc5dc240a8b66
3,0,before,reacquisition,100000,7200,472872982,ff7bc5dc240a8b66
3,0,before,reacquisition,100000,7200,464113391,ff7bc5dc240a8b66
3,0,before,reacquisition,100000,7200,453078915,ff7bc5dc240a8b66
3,0,before,reacquisition,100000,7200,449295478,ff7bc5dc240a8b66
3,0,before,reacquisition,100000,7200,456360215,ff7bc5dc240a8b66
3,0,before,reacquisition,100000,7200,463316772,ff7bc5dc240a8b66
4,0,before,winding,10000,7200,27255131,f5b970bed7495d10
4,0,before,winding,10000,7200,28733358,f5b970bed7495d10
4,0,before,winding,10000,7200,25933472,f5b970bed7495d10
4,0,before,winding,10000,7200,26312463,f5b970bed7495d10
4,0,before,winding,10000,7200,27067800,f5b970bed7495d10
4,0,before,winding,10000,7200,27146869,f5b970bed7495d10
4,0,before,winding,10000,7200,25521502,f5b970bed7495d10
4,0,after,winding,10000,7200,23794560,f5b970bed7495d10
4,0,after,winding,10000,7200,24868268,f5b970bed7495d10
4,0,after,winding,10000,7200,23259455,f5b970bed7495d10
4,0,after,winding,10000,7200,22357287,f5b970bed7495d10
4,0,after,winding,10000,7200,23018542,f5b970bed7495d10
4,0,after,winding,10000,7200,21590893,f5b970bed7495d10
4,0,after,winding,10000,7200,22129934,f5b970bed7495d10
4,0,before,parallel,10000,7200,18344824,d0a9f42d0c340445
4,0,before,parallel,10000,7200,17434583,d0a9f42d0c340445
4,0,before,parallel,10000,7200,17779763,d0a9f42d0c340445
4,0,before,parallel,10000,7200,18588712,d0a9f42d0c340445
4,0,before,parallel,10000,7200,17069504,d0a9f42d0c340445
4,0,before,parallel,10000,7200,18191593,d0a9f42d0c340445
4,0,before,parallel,10000,7200,17511119,d0a9f42d0c340445
4,0,after,parallel,10000,7200,15109693,d0a9f42d0c340445
4,0,after,parallel,10000,7200,16982032,d0a9f42d0c340445
4,0,after,parallel,10000,7200,15419770,d0a9f42d0c340445
4,0,after,parallel,10000,7200,16503171,d0a9f42d0c340445
4,0,after,parallel,10000,7200,17113139,d0a9f42d0c340445
4,0,after,parallel,10000,7200,16671915,d0a9f42d0c340445
4,0,after,parallel,10000,7200,17285309,d0a9f42d0c340445
4,0,before,crossing,10000,7200,25757576,486130129d99b85c
4,0,before,crossing,10000,7200,25291615,486130129d99b85c
4,0,before,crossing,10000,7200,25571277,486130129d99b85c
4,0,before,crossing,10000,7200,23368880,486130129d99b85c
4,0,before,crossing,10000,7200,23148738,486130129d99b85c
4,0,before,crossing,10000,7200,25155930,486130129d99b85c
4,0,before,crossing,10000,7200,24207812,486130129d99b85c
4,0,after,crossing,10000,7200,30051168,486130129d99b85c
4,0,after,crossing,10000,7200,20849786,486130129d99b85c
4,0,after,crossing,10000,7200,20391617,486130129d99b85c
4,0,after,crossing,10000,7200,19911033,486130129d99b85c
4,0,after,crossing,10000,7200,19597091,486130129d99b85c
4,0,after,crossing,10000,7200,19511691,486130129d99b85c
4,0,after,crossing,10000,7200,22733683,486130129d99b85c
4,0,before,reacquisition,10000,7200,45198993,e79c918946fc01c1
4,0,before,reacquisition,10000,7200,43890822,e79c918946fc01c1
4,0,before,reacquisition,10000,7200,43783962,e79c918946fc01c1
4,0,before,reacquisition,10000,7200,43833987,e79c918946fc01c1
4,0,before,reacquisition,10000,7200,43554195,e79c918946fc01c1
4,0,before,reacquisition,10000,7200,44209853,e79c918946fc01c1
4,0,before,reacquisition,10000,7200,44091014,e79c918946fc01c1
4,0,after,reacquisition,10000,7200,42552578,e79c918946fc01c1
4,0,after,reacquisition,10000,7200,52310707,e79c918946fc01c1
4,0,after,reacquisition,10000,7200,42119805,e79c918946fc01c1
4,0,after,reacquisition,10000,7200,43302587,e79c918946fc01c1
4,0,after,reacquisition,10000,7200,54751153,e79c918946fc01c1
4,0,after,reacquisition,10000,7200,47627840,e79c918946fc01c1
4,0,after,reacquisition,10000,7200,47840745,e79c918946fc01c1
4,0,before,winding,100000,7200,214891013,7acbd2452868b1d6
4,0,before,winding,100000,7200,213501610,7acbd2452868b1d6
4,0,before,winding,100000,7200,229234951,7acbd2452868b1d6
4,0,before,winding,100000,7200,229927298,7acbd2452868b1d6
4,0,before,winding,100000,7200,212650248,7acbd2452868b1d6
4,0,before,winding,100000,7200,211377762,7acbd2452868b1d6
4,0,before,winding,100000,7200,225929504,7acbd2452868b1d6
4,0,after,winding,100000,7200,240954885,7acbd2452868b1d6
4,0,after,winding,100000,7200,197135385,7acbd2452868b1d6
4,0,after,winding,100000,7200,181570318,7acbd2452868b1d6
4,0,after,winding,100000,7200,197226782,7acbd2452868b1d6
4,0,after,winding,100000,7200,172829633,7acbd2452868b1d6
4,0,after,winding,100000,7200,175301244,7acbd2452868b1d6
4,0,after,winding,100000,7200,174897907,7acbd2452868b1d6
4,0,before,parallel,100000,7200,152469712,8f486583fdf44530
4,0,before,parallel,100000,7200,152058694,8f486583fdf44530
4,0,before,parallel,100000,7200,149821296,8f486583fdf44530
4,0,before,parallel,100000,7200,150408850,8f486583fdf44530
4,0,before,parallel,100000,7200,152093186,8f486583fdf44530
4,0,before,parallel,100000,7200,159411063,8f486583fdf44530
4,0,before,parallel,100000,7200,144450611,8f486583fdf44530
4,0,after,parallel,100000,7200,145906583,8f486583fdf44530
4,0,after,parallel,100000,7200,137183910,8f486583fdf44530
4,0,after,parallel,100000,7200,131652755,8f486583fdf44530
4,0,after,parallel,100000,7200,139674290,8f486583fdf44530
4,0,after,parallel,100000,7200,135238944,8f486583fdf44530
4,0,after,parallel,100000,7200,130411406,8f486583fdf44530
4,0,after,parallel,100000,7200,129791062,8f486583fdf44530
4,0,before,crossing,100000,7200,173060421,bb6e524322f034f9
4,0,before,crossing,100000,7200,174163676,bb6e524322f034f9
4,0,before,crossing,100000,7200,174613854,bb6e524322f034f9
4,0,before,crossing,100000,7200,176168505,bb6e524322f034f9
4,0,before,crossing,100000,7200,165905551,bb6e524322f034f9
4,0,before,crossing,100000,7200,190963333,bb6e524322f034f9
4,0,before,crossing,100000,7200,199680460,bb6e524322f034f9
4,0,after,crossing,100000,7200,149747029,bb6e524322f034f9
4,0,after,crossing,100000,7200,154286495,bb6e524322f034f9
4,0,after,crossing,100000,7200,152365352,bb6e524322f034f9
4,0,after,crossing,100000,7200,153750598,bb6e524322f034f9
4,0,after,crossing,100000,7200,161802493,bb6e524322f034f9
4,0,after,crossing,100000,7200,166264942,bb6e524322f034f9
4,0,after,crossing,100000,7200,163758778,bb6e524322f034f9
4,0,before,reacquisition,100000,7200,429298649,ff7bc5dc240a8b66
4,0,before,reacquisition,100000,7200,463005646,ff7bc5dc240a8b66
4,0,before,reacquisition,100000,7200,454513989,ff7bc5dc240a8b66
4,0,before,reacquisition,100000,7200,440277345,ff7bc5dc240a8b66
4,0,before,reacquisition,100000,7200,434164514,ff7bc5dc240a8b66
4,0,before,reacquisition,100000,7200,454525749,ff7bc5dc240a8b66
4,0,before,reacquisition,100000,7200,437226961,ff7bc5dc240a8b66
4,0,after,reacquisition,100000,7200,419217012,ff7bc5dc240a8b66
4,0,after,reacquisition,100000,7200,402868926,ff7bc5dc240a8b66
4,0,after,reacquisition,100000,7200,423092735,ff7bc5dc240a8b66
4,0,after,reacquisition,100000,7200,414624234,ff7bc5dc240a8b66
4,0,after,reacquisition,100000,7200,420915852,ff7bc5dc240a8b66
4,0,after,reacquisition,100000,7200,399564537,ff7bc5dc240a8b66
4,0,after,reacquisition,100000,7200,388186113,ff7bc5dc240a8b66
